{
  "model_label": "Boundary saved good",
  "baseline_label": "Default fine-tune",
  "n_cases": 23,
  "model_dir": "/home/kasid/projects/liver-tumor-segmentation/results_3d_boundary_shape_runs/20260504_083549_saved_good_boundary/Dataset001_LiverTumor/nnUNetTrainer_150_BoundaryOverseg_50epochs__nnUNetPlans_3d_midres125__3d_fullres/fold_0/validation",
  "baseline_dir": "/home/kasid/projects/liver-tumor-segmentation/results_3d_default_finetune/Dataset001_LiverTumor/nnUNetTrainer_150_DefaultFinetune_50epochs__nnUNetPlans_3d_midres125__3d_fullres/fold_0/validation",
  "gt_dir": "/home/kasid/projects/liver-tumor-segmentation/nnUNet_preprocessed/Dataset001_LiverTumor/gt_segmentations",
  "delta_dice": {
    "mean": 0.007124770262506336,
    "median": 0.0024505772227144673,
    "std": 0.058831490864446015,
    "min": -0.13048162592108448,
    "max": 0.2330142576236151
  },
  "gt_tumor_vol_mm3": {
    "min": 338.20247650146484,
    "max": 987656.5214256644,
    "quartiles": [
      338.20247650146484,
      3052.357271194458,
      14395.855560302734,
      17568.127658843994,
      987656.5214256644
    ]
  },
  "spearman_rho_volume_vs_delta": -0.34189723320158105,
  "spearman_p_value": 0.11031176821291079,
  "quartiles_by_volume": [
    {
      "name": "Q1_smallest",
      "vol_mm3_range": [
        338.20247650146484,
        3052.357271194458
      ],
      "n": 6,
      "mean_delta_dice": 0.04723131265318619,
      "median_delta_dice": 0.016608995010201466,
      "n_better": 4,
      "n_worse": 1
    },
    {
      "name": "Q2",
      "vol_mm3_range": [
        3052.357271194458,
        14395.855560302734
      ],
      "n": 5,
      "mean_delta_dice": -0.005466119627027699,
      "median_delta_dice": 0.0020481051324997557,
      "n_better": 4,
      "n_worse": 1
    },
    {
      "name": "Q3",
      "vol_mm3_range": [
        14395.855560302734,
        17568.127658843994
      ],
      "n": 6,
      "mean_delta_dice": 0.003663003991553578,
      "median_delta_dice": 0.0014306094271848702,
      "n_better": 4,
      "n_worse": 2
    },
    {
      "name": "Q4_largest",
      "vol_mm3_range": [
        17568.127658843994,
        987656.5214266644
      ],
      "n": 6,
      "mean_delta_dice": -0.019027597615942398,
      "median_delta_dice": 0.0036676157521416952,
      "n_better": 3,
      "n_worse": 3
    }
  ],
  "per_case": [
    {
      "case_id": "case_0012",
      "gt_tumor_vol_mm3": 338.20247650146484,
      "dice_baseline": 0.46420047732696895,
      "dice_model": 0.6972147349505841,
      "delta_dice": 0.2330142576236151,
      "iou_baseline": 0.30225330225330227,
      "iou_model": 0.5351724137931034,
      "delta_fp": -1124,
      "delta_fn": 2,
      "baseline_pred_vox": 2562,
      "model_pred_vox": 1436,
      "gt_vox": 790
    },
    {
      "case_id": "case_0015",
      "gt_tumor_vol_mm3": 374.5913505554199,
      "dice_baseline": 0.0,
      "dice_model": 0.0,
      "delta_dice": 0.0,
      "iou_baseline": 0.0,
      "iou_model": 0.0,
      "delta_fp": -5085,
      "delta_fn": 0,
      "baseline_pred_vox": 35286,
      "model_pred_vox": 30201,
      "gt_vox": 875
    },
    {
      "case_id": "case_0005",
      "gt_tumor_vol_mm3": 405.4157853126526,
      "dice_baseline": 0.7340425531914894,
      "dice_model": 0.7513899920571883,
      "delta_dice": 0.017347438865698894,
      "iou_baseline": 0.5798319327731093,
      "iou_model": 0.6017811704834606,
      "delta_fp": -47,
      "delta_fn": 10,
      "baseline_pred_vox": 776,
      "model_pred_vox": 719,
      "gt_vox": 540
    },
    {
      "case_id": "case_0020",
      "gt_tumor_vol_mm3": 860.3665307164192,
      "dice_baseline": 0.20954598370197905,
      "dice_model": 0.23900414937759337,
      "delta_dice": 0.029458165675614323,
      "iou_baseline": 0.11703511053315994,
      "iou_model": 0.1357210179076343,
      "delta_fp": -847,
      "delta_fn": 0,
      "baseline_pred_vox": 5203,
      "model_pred_vox": 4356,
      "gt_vox": 1669
    },
    {
      "case_id": "case_0014",
      "gt_tumor_vol_mm3": 1227.5734405517578,
      "dice_baseline": 0.807042008018128,
      "dice_model": 0.7947394706176127,
      "delta_dice": -0.012302537400515234,
      "iou_baseline": 0.6765049678550555,
      "iou_model": 0.6593922651933701,
      "delta_fp": 198,
      "delta_fn": -72,
      "baseline_pred_vox": 3125,
      "model_pred_vox": 3395,
      "gt_vox": 2612
    },
    {
      "case_id": "case_0003",
      "gt_tumor_vol_mm3": 1342.726993560791,
      "dice_baseline": 0.6979376257545271,
      "dice_model": 0.7138081769092312,
      "delta_dice": 0.015870551154704038,
      "iou_baseline": 0.5360247247440603,
      "iou_model": 0.5549780087964814,
      "delta_fp": -175,
      "delta_fn": -1,
      "baseline_pred_vox": 5159,
      "model_pred_vox": 4985,
      "gt_vox": 2793
    },
    {
      "case_id": "case_0011",
      "gt_tumor_vol_mm3": 4761.987548828125,
      "dice_baseline": 0.7621779198796313,
      "dice_model": 0.7145405479577368,
      "delta_dice": -0.047637371921894545,
      "iou_baseline": 0.6157410924561271,
      "iou_model": 0.5558639339595787,
      "delta_fp": 889,
      "delta_fn": 294,
      "baseline_pred_vox": 10719,
      "model_pred_vox": 11314,
      "gt_vox": 10549
    },
    {
      "case_id": "case_0000",
      "gt_tumor_vol_mm3": 6404.754638671875,
      "dice_baseline": 0.6814814814814815,
      "dice_model": 0.6821354461422373,
      "delta_dice": 0.0006539646607558458,
      "iou_baseline": 0.5168539325842697,
      "iou_model": 0.5176066418551388,
      "delta_fp": -156,
      "delta_fn": 78,
      "baseline_pred_vox": 2944,
      "model_pred_vox": 2710,
      "gt_vox": 2591
    },
    {
      "case_id": "case_0018",
      "gt_tumor_vol_mm3": 6941.603637337685,
      "dice_baseline": 0.7759690245222532,
      "dice_model": 0.7843956512470689,
      "delta_dice": 0.008426626724815645,
      "iou_baseline": 0.6339455782312925,
      "iou_model": 0.6452721661054994,
      "delta_fp": -444,
      "delta_fn": 120,
      "baseline_pred_vox": 13809,
      "model_pred_vox": 13245,
      "gt_vox": 10210
    },
    {
      "case_id": "case_0019",
      "gt_tumor_vol_mm3": 8380.955646514893,
      "dice_baseline": 0.4868289637952559,
      "dice_model": 0.4888770689277557,
      "delta_dice": 0.0020481051324997557,
      "iou_baseline": 0.3217276514995256,
      "iou_model": 0.32351905915481294,
      "delta_fp": -185,
      "delta_fn": -27,
      "baseline_pred_vox": 45552,
      "model_pred_vox": 45394,
      "gt_vox": 18528
    },
    {
      "case_id": "case_0002",
      "gt_tumor_vol_mm3": 8495.989910125732,
      "dice_baseline": 0.8140925537992764,
      "dice_model": 0.8232706310679612,
      "delta_dice": 0.009178077268684803,
      "iou_baseline": 0.686472250770812,
      "iou_model": 0.6996261441278845,
      "delta_fp": -54,
      "delta_fn": -167,
      "baseline_pred_vox": 12124,
      "model_pred_vox": 12237,
      "gt_vox": 14131
    },
    {
      "case_id": "case_0010",
      "gt_tumor_vol_mm3": 14395.855560302734,
      "dice_baseline": 0.7935498901684085,
      "dice_model": 0.796000467391123,
      "delta_dice": 0.0024505772227144673,
      "iou_baseline": 0.6577560760296836,
      "iou_model": 0.6611302129547472,
      "delta_fp": -185,
      "delta_fn": 0,
      "baseline_pred_vox": 35782,
      "model_pred_vox": 35597,
      "gt_vox": 24310
    },
    {
      "case_id": "case_0009",
      "gt_tumor_vol_mm3": 14924.528503417969,
      "dice_baseline": 0.7602614665498101,
      "dice_model": 0.7770636373827585,
      "delta_dice": 0.016802170832948438,
      "iou_baseline": 0.61324339450352,
      "iou_model": 0.6354080728450515,
      "delta_fp": -1222,
      "delta_fn": 24,
      "baseline_pred_vox": 32589,
      "model_pred_vox": 31343,
      "gt_vox": 22179
    },
    {
      "case_id": "case_0008",
      "gt_tumor_vol_mm3": 14964.63932800293,
      "dice_baseline": 0.8579169554533426,
      "dice_model": 0.8558203828592971,